{
    "addontype": "elementor",
    "cattitle": "",
    "name": "magellan_video_play_elementor",
    "alias": "magellan_video_play",
    "title": "Magellan Video Player",
    "description": "",
    "config": {
        "options": {
            "enable_items": "false",
            "items_section_title": "",
            "items_section_heading": "",
            "items_title_field": "",
            "path_assets": "",
            "js_as_module": false,
            "addon_icon": "",
            "dynamic_addon": "false",
            "dynamic_post_enable_customfields": "false",
            "dynamic_post_enable_category": "false",
            "description": "",
            "link_resource": "",
            "link_preview": "",
            "show_small_icon": "true",
            "preview_size_unite_selected_text": "Full Size",
            "preview_size": "full",
            "preview_custom_width": "",
            "preview_bgcol": "#ffffff",
            "special": "",
            "special_data": ""
        },
        "params": [
            {
                "type": "uc_textfield",
                "title": "Video Url",
                "name": "video_url",
                "description": "Video Url",
                "enable_condition": false,
                "condition_attribute": null,
                "condition_operator": "equal",
                "condition_value": [],
                "condition_attribute2": null,
                "condition_operator2": "equal",
                "condition_value2": null,
                "label_block": false,
                "tabname": "",
                "default_value": "",
                "font_editable": false,
                "placeholder": "",
                "disable_dynamic": false,
                "__attr_catid__": "cat_general_general"
            },
            {
                "type": "uc_radioboolean",
                "title": "Play Click Option",
                "name": "play_click_option",
                "description": "Set if user can click on video that has audio to play it.",
                "enable_condition": false,
                "condition_attribute": "",
                "condition_operator": "equal",
                "condition_value": [],
                "condition_attribute2": "",
                "condition_operator2": "equal",
                "condition_value2": null,
                "label_block": false,
                "tabname": "",
                "default_value": "true",
                "true_name": "Yes",
                "true_value": "true",
                "false_name": "No",
                "false_value": "false",
                "is_responsive": false,
                "default_value_tablet": "",
                "default_value_mobile": "",
                "__attr_catid__": "cat_general_general"
            },
            {
                "type": "uc_textfield",
                "title": "Set External URL Click Link",
                "name": "set_external_url_click_link",
                "description": "If you want the user to be redirected to another page when the video is clicked, apply url here.  If no url is applied, then the video won't do anything when clicked on.",
                "enable_condition": true,
                "condition_attribute": "play_click_option",
                "condition_operator": "equal",
                "condition_value": [
                    ""
                ],
                "condition_attribute2": "",
                "condition_operator2": "equal",
                "condition_value2": null,
                "label_block": false,
                "tabname": "",
                "default_value": "",
                "font_editable": false,
                "placeholder": "",
                "disable_dynamic": false,
                "__attr_catid__": "cat_general_general"
            },
            {
                "type": "uc_radioboolean",
                "title": "External Link Open In New Tab",
                "name": "external_link_open_in_new_tab",
                "description": "",
                "enable_condition": true,
                "condition_attribute": "play_click_option",
                "condition_operator": "equal",
                "condition_value": [
                    ""
                ],
                "condition_attribute2": "",
                "condition_operator2": "equal",
                "condition_value2": null,
                "label_block": false,
                "tabname": "",
                "default_value": "true",
                "true_name": "Yes",
                "true_value": "true",
                "false_name": "No",
                "false_value": "false",
                "is_responsive": false,
                "default_value_tablet": "",
                "default_value_mobile": "",
                "__attr_catid__": "cat_general_general"
            },
            {
                "type": "uc_radioboolean",
                "title": "Show Play Button Icon",
                "name": "show_play_button_icon",
                "description": "Determines Whether Play Button Icon Will Be Shown.  ",
                "enable_condition": true,
                "condition_attribute": "play_click_option",
                "condition_operator": "equal",
                "condition_value": [
                    "true"
                ],
                "condition_attribute2": "",
                "condition_operator2": "equal",
                "condition_value2": null,
                "label_block": false,
                "tabname": "",
                "default_value": "true",
                "true_name": "Yes",
                "true_value": "true",
                "false_name": "No",
                "false_value": "false",
                "is_responsive": false,
                "default_value_tablet": "",
                "default_value_mobile": "",
                "__attr_catid__": "cat_general_general"
            },
            {
                "type": "uc_textfield",
                "title": "OPTIONAL - Custom Play Button Image URL",
                "name": "play_button_image_url",
                "description": "Set Custom Play Button Overlay Image.  If No Play Icon Set, Then Default Will Be Loaded",
                "enable_condition": true,
                "condition_attribute": "show_play_button_icon",
                "condition_operator": "equal",
                "condition_value": [
                    "true"
                ],
                "condition_attribute2": "",
                "condition_operator2": "equal",
                "condition_value2": null,
                "label_block": false,
                "tabname": "",
                "default_value": "",
                "font_editable": false,
                "placeholder": "",
                "disable_dynamic": false,
                "__attr_catid__": "cat_general_general"
            },
            {
                "type": "uc_textfield",
                "title": "Play Button Icon Size ",
                "name": "play_button_icon_size",
                "description": "Set Play Button Icon Size In Any Size Unit",
                "enable_condition": false,
                "condition_attribute": "",
                "condition_operator": "equal",
                "condition_value": [],
                "condition_attribute2": "",
                "condition_operator2": "equal",
                "condition_value2": null,
                "label_block": false,
                "tabname": "",
                "default_value": "40%",
                "font_editable": false,
                "placeholder": "",
                "disable_dynamic": false,
                "__attr_catid__": "cat_style_p29kvxee"
            },
            {
                "type": "uc_radioboolean",
                "title": "Autoplay Video On Page Load (Muted)",
                "name": "autoplay_video_on_page_load",
                "description": "Auto play video when page first loads.  Video will be muted as browsers don't allow autoplay of audio without user clicking.",
                "enable_condition": false,
                "condition_attribute": "",
                "condition_operator": "equal",
                "condition_value": [],
                "condition_attribute2": "",
                "condition_operator2": "equal",
                "condition_value2": null,
                "label_block": false,
                "tabname": "",
                "default_value": "true",
                "true_name": "Yes",
                "true_value": "true",
                "false_name": "No",
                "false_value": "false",
                "is_responsive": false,
                "default_value_tablet": "",
                "default_value_mobile": "",
                "__attr_catid__": "cat_general_general"
            },
            {
                "type": "uc_radioboolean",
                "title": "Loop Video Playback When Muted",
                "name": "loop_video_playback",
                "description": "Video will keep looping.  Video will not loop if user clicks and audio is played",
                "enable_condition": true,
                "condition_attribute": "autoplay_video_on_page_load",
                "condition_operator": "equal",
                "condition_value": [
                    "true"
                ],
                "condition_attribute2": "",
                "condition_operator2": "equal",
                "condition_value2": null,
                "label_block": false,
                "tabname": "",
                "default_value": "true",
                "true_name": "Yes",
                "true_value": "true",
                "false_name": "No",
                "false_value": "false",
                "is_responsive": false,
                "default_value_tablet": "",
                "default_value_mobile": "",
                "__attr_catid__": "cat_general_general"
            },
            {
                "type": "uc_number",
                "title": "Play Button Opacity",
                "name": "play_button_opacity",
                "description": "",
                "enable_condition": false,
                "condition_attribute": "",
                "condition_operator": "equal",
                "condition_value": [],
                "condition_attribute2": "",
                "condition_operator2": "equal",
                "condition_value2": null,
                "label_block": false,
                "tabname": "",
                "default_value": "50",
                "unit": "%",
                "unit_custom": "",
                "min_value": "",
                "max_value": "",
                "step": "",
                "is_responsive": false,
                "default_value_tablet": "",
                "default_value_mobile": "",
                "selector": "",
                "selector_value": "",
                "show_more_selectors": false,
                "selector2": "",
                "selector2_value": "",
                "selector3": "",
                "selector3_value": "",
                "__attr_catid__": "cat_style_p29kvxee"
            },
            {
                "type": "uc_textfield",
                "title": "Custom Thumbnail URL",
                "name": "custom_thumbnail_url",
                "description": "Set Custom Thumbnail URL.  If Left Blank, First Frame From Video Will Be Shown.",
                "enable_condition": true,
                "condition_attribute": "autoplay_video_on_page_load",
                "condition_operator": "equal",
                "condition_value": [
                    ""
                ],
                "condition_attribute2": "",
                "condition_operator2": "equal",
                "condition_value2": null,
                "label_block": false,
                "tabname": "",
                "default_value": "",
                "font_editable": false,
                "placeholder": "",
                "disable_dynamic": false,
                "__attr_catid__": "cat_general_general"
            },
            {
                "type": "uc_radioboolean",
                "title": "Set Custom Start\/End Times",
                "name": "set_custom_start_end_times",
                "description": "Set Custom Start And End Times For Video",
                "enable_condition": false,
                "condition_attribute": "",
                "condition_operator": "equal",
                "condition_value": [],
                "condition_attribute2": "",
                "condition_operator2": "equal",
                "condition_value2": null,
                "label_block": false,
                "tabname": "",
                "default_value": "false",
                "true_name": "Yes",
                "true_value": "true",
                "false_name": "No",
                "false_value": "false",
                "is_responsive": false,
                "default_value_tablet": "",
                "default_value_mobile": "",
                "__attr_catid__": "cat_general_general"
            },
            {
                "type": "uc_number",
                "title": "Custom Start Time In Seconds",
                "name": "custom_start_time_in_seconds",
                "description": "Set Video Starting Time In Seconds",
                "enable_condition": true,
                "condition_attribute": "set_custom_start_end_times",
                "condition_operator": "equal",
                "condition_value": [
                    "true"
                ],
                "condition_attribute2": "",
                "condition_operator2": "equal",
                "condition_value2": null,
                "label_block": false,
                "tabname": "",
                "default_value": "",
                "unit": "",
                "unit_custom": "",
                "min_value": "",
                "max_value": "",
                "step": "",
                "is_responsive": false,
                "default_value_tablet": "",
                "default_value_mobile": "",
                "selector": "",
                "selector_value": "",
                "show_more_selectors": false,
                "selector2": "",
                "selector2_value": "",
                "selector3": "",
                "selector3_value": "",
                "__attr_catid__": "cat_general_general"
            },
            {
                "type": "uc_number",
                "title": "Custom End Time In Seconds",
                "name": "custom_end_time_in_seconds",
                "description": "Set Video Ending Time In Seconds",
                "enable_condition": true,
                "condition_attribute": "set_custom_start_end_times",
                "condition_operator": "equal",
                "condition_value": [
                    "true"
                ],
                "condition_attribute2": "",
                "condition_operator2": "equal",
                "condition_value2": null,
                "label_block": false,
                "tabname": "",
                "default_value": "",
                "unit": "",
                "unit_custom": "",
                "min_value": "",
                "max_value": "",
                "step": "",
                "is_responsive": false,
                "default_value_tablet": "",
                "default_value_mobile": "",
                "selector": "",
                "selector_value": "",
                "show_more_selectors": false,
                "selector2": "",
                "selector2_value": "",
                "selector3": "",
                "selector3_value": "",
                "__attr_catid__": "cat_general_general"
            }
        ],
        "params_items": [
            {
                "type": "uc_textfield",
                "title": "Title",
                "name": "title",
                "description": "",
                "default_value": "",
                "limited_edit": true
            }
        ],
        "includes": {
            "js": [],
            "jslib": [],
            "css": []
        },
        "variables_item": [],
        "variables_main": [],
        "params_cats": [
            {
                "id": "cat_general_general",
                "title": "General",
                "tab": "content"
            },
            {
                "enable_condition": false,
                "condition_attribute": null,
                "condition_operator": "equal",
                "condition_value": [],
                "condition_attribute2": null,
                "condition_operator2": "equal",
                "condition_value2": null,
                "id": "cat_style_p29kvxee",
                "title": "Play Button Icon",
                "tab": "style"
            }
        ]
    },
    "templates": [
        "html",
        "css",
        "js"
    ]
}