{
    "addontype": "elementor",
    "cattitle": "",
    "name": "media_api_v2_elementor_widget_elementor",
    "alias": "media_api_v2_elementor_widget",
    "title": "Media_API_V2_Elementor_Widget",
    "description": "Allows utilization of the Media API Widget V2 with Elementors tools.",
    "config": {
        "options": {
            "enable_items": "false",
            "items_section_title": "",
            "items_section_heading": "",
            "items_title_field": "",
            "path_assets": "",
            "js_as_module": false,
            "addon_icon": "",
            "dynamic_addon": "false",
            "dynamic_post_enable_customfields": "false",
            "dynamic_post_enable_category": "false",
            "description": "Allows utilization of the Media API Widget V2 with Elementors tools.",
            "link_resource": "",
            "link_preview": "",
            "show_small_icon": "true",
            "preview_size_unite_selected_text": "Full Size",
            "preview_size": "full",
            "preview_custom_width": "",
            "preview_bgcol": "#ffffff",
            "special": "",
            "special_data": ""
        },
        "params": [
            {
                "type": "uc_dropdown",
                "title": "Media Platform",
                "name": "media_platform",
                "description": "Select media platform for which the data is being loaded from.",
                "enable_condition": false,
                "condition_attribute": "",
                "condition_operator": "equal",
                "condition_value": [],
                "condition_attribute2": "",
                "condition_operator2": "equal",
                "condition_value2": null,
                "label_block": false,
                "tabname": "",
                "options": {
                    "Youtube": "youtube"
                },
                "default_value": "youtube",
                "selector": "",
                "selector_value": "",
                "show_more_selectors": false,
                "selector2": "",
                "selector2_value": "",
                "selector3": "",
                "selector3_value": "",
                "is_responsive": false,
                "default_value_tablet": "",
                "default_value_mobile": "",
                "php_filter_name": "",
                "__attr_catid__": "cat_general_general"
            },
            {
                "type": "uc_textfield",
                "title": "Playlist Name",
                "name": "playlist_name",
                "description": "The name must be the same as the playlist name parameter that was passed into the get_media_content() function of the widget.  There cannot be any spaces in the name. ",
                "enable_condition": false,
                "condition_attribute": "",
                "condition_operator": "equal",
                "condition_value": [],
                "condition_attribute2": "",
                "condition_operator2": "equal",
                "condition_value2": null,
                "label_block": false,
                "tabname": "",
                "default_value": "",
                "font_editable": false,
                "placeholder": "",
                "disable_dynamic": false,
                "__attr_catid__": "cat_general_general"
            },
            {
                "type": "uc_radioboolean",
                "title": "Show Play Button Icon Over Thumbnail",
                "name": "show_play_button_icon_over_thumbnail",
                "description": "",
                "enable_condition": false,
                "condition_attribute": "",
                "condition_operator": "equal",
                "condition_value": [],
                "condition_attribute2": "",
                "condition_operator2": "equal",
                "condition_value2": null,
                "label_block": false,
                "tabname": "",
                "default_value": "true",
                "true_name": "Yes",
                "true_value": "true",
                "false_name": "No",
                "false_value": "false",
                "is_responsive": false,
                "default_value_tablet": "",
                "default_value_mobile": "",
                "__attr_catid__": "cat_general_general"
            },
            {
                "type": "uc_radioboolean",
                "title": "Show Text On Thumbnail Hover",
                "name": "show_text_on_thumbnail_hover",
                "description": "Will show episode text or video title along with instructions to click on video to play when user hovers mouse over thumbnail.",
                "enable_condition": false,
                "condition_attribute": "",
                "condition_operator": "equal",
                "condition_value": [],
                "condition_attribute2": "",
                "condition_operator2": "equal",
                "condition_value2": null,
                "label_block": false,
                "tabname": "",
                "default_value": "false",
                "true_name": "Yes",
                "true_value": "true",
                "false_name": "No",
                "false_value": "false",
                "is_responsive": false,
                "default_value_tablet": "",
                "default_value_mobile": "",
                "__attr_catid__": "cat_general_general"
            },
            {
                "type": "uc_textfield",
                "title": "Play Button Size",
                "name": "play_button_size",
                "description": "Set size of play button icon over thumbnail.  Define unit measurement unit along with measurement number(px, em, rem, %, etc).",
                "enable_condition": false,
                "condition_attribute": "",
                "condition_operator": "equal",
                "condition_value": [],
                "condition_attribute2": "",
                "condition_operator2": "equal",
                "condition_value2": null,
                "label_block": false,
                "tabname": "",
                "default_value": "40%",
                "font_editable": false,
                "placeholder": "",
                "disable_dynamic": false,
                "__attr_catid__": "cat_style_4bjmjtmq"
            },
            {
                "type": "uc_number",
                "title": "Play Button Opacity",
                "name": "play_button_opacity",
                "description": "Set opacity of play button icon of percentage.  100 is full opacity and 0 is no opacity(invisible).",
                "enable_condition": false,
                "condition_attribute": "",
                "condition_operator": "equal",
                "condition_value": [],
                "condition_attribute2": "",
                "condition_operator2": "equal",
                "condition_value2": null,
                "label_block": false,
                "tabname": "",
                "default_value": "25",
                "unit": "%",
                "unit_custom": "",
                "min_value": "",
                "max_value": "",
                "step": "",
                "is_responsive": false,
                "default_value_tablet": "",
                "default_value_mobile": "",
                "selector": "",
                "selector_value": "",
                "show_more_selectors": false,
                "selector2": "",
                "selector2_value": "",
                "selector3": "",
                "selector3_value": "",
                "__attr_catid__": "cat_style_4bjmjtmq"
            },
            {
                "type": "uc_textfield",
                "title": "Text Overlay Font",
                "name": "text_overlay_font",
                "description": "Type in font family named to be used for text overlay on thumbnail when user hovers over it.",
                "enable_condition": false,
                "condition_attribute": "",
                "condition_operator": "equal",
                "condition_value": [],
                "condition_attribute2": "",
                "condition_operator2": "equal",
                "condition_value2": null,
                "label_block": false,
                "tabname": "",
                "default_value": "Roboto",
                "font_editable": false,
                "placeholder": "",
                "disable_dynamic": false,
                "__attr_catid__": "cat_style_nvv576z9"
            },
            {
                "type": "uc_dropdown",
                "title": "Select Video By",
                "name": "select_video_by",
                "description": "Choose which method to select the video from the playlist. Order descending is for selecting the most recent videos on the playlist",
                "enable_condition": false,
                "condition_attribute": "",
                "condition_operator": "equal",
                "condition_value": [],
                "condition_attribute2": "",
                "condition_operator2": "equal",
                "condition_value2": null,
                "label_block": false,
                "tabname": "",
                "options": {
                    "Order Descending": "orderdescending",
                    "Name Search": "nameselect",
                    "Episode Number": "episodenumber"
                },
                "default_value": "orderdescending",
                "selector": "",
                "selector_value": "",
                "show_more_selectors": false,
                "selector2": "",
                "selector2_value": "",
                "selector3": "",
                "selector3_value": "",
                "is_responsive": false,
                "default_value_tablet": "",
                "default_value_mobile": "",
                "php_filter_name": "",
                "__attr_catid__": "cat_content_vlxw6jf9"
            },
            {
                "type": "uc_textfield",
                "title": "Select Video",
                "name": "select_video",
                "description": "Select video.  If using order descending or episode number, a number value must be typed in.  For order descending, the most recent video on the play will be 1, the second most recent will be 2, etc.",
                "enable_condition": false,
                "condition_attribute": "",
                "condition_operator": "equal",
                "condition_value": [],
                "condition_attribute2": "",
                "condition_operator2": "equal",
                "condition_value2": null,
                "label_block": false,
                "tabname": "",
                "default_value": "",
                "font_editable": false,
                "placeholder": "",
                "disable_dynamic": false,
                "__attr_catid__": "cat_content_vlxw6jf9"
            },
            {
                "type": "uc_radioboolean",
                "title": "Show Lightbox Playlist And Navigation Arrows",
                "name": "show_lightbox_playlist_and_navigation_arrows",
                "description": "Will allow the user to navigate between other videos in the playlist within lightbox.  It will show navigation arrows and allow the user to open the lightbox playlist grid.",
                "enable_condition": false,
                "condition_attribute": "",
                "condition_operator": "equal",
                "condition_value": [],
                "condition_attribute2": "",
                "condition_operator2": "equal",
                "condition_value2": null,
                "label_block": false,
                "tabname": "",
                "default_value": "true",
                "true_name": "Yes",
                "true_value": "true",
                "false_name": "No",
                "false_value": "false",
                "is_responsive": false,
                "default_value_tablet": "",
                "default_value_mobile": "",
                "__attr_catid__": "cat_general_general"
            },
            {
                "type": "uc_radioboolean",
                "title": "Show Multiple Video Thumbnails In Grid Layout",
                "name": "show_multiple_thumbnails_in_grid_layout",
                "description": "Will allow multiple video thumbnails to be displayed in a modular grid layout.",
                "enable_condition": false,
                "condition_attribute": "",
                "condition_operator": "equal",
                "condition_value": [],
                "condition_attribute2": "",
                "condition_operator2": "equal",
                "condition_value2": null,
                "label_block": false,
                "tabname": "",
                "default_value": "false",
                "true_name": "Yes",
                "true_value": "true",
                "false_name": "No",
                "false_value": "false",
                "is_responsive": false,
                "default_value_tablet": "",
                "default_value_mobile": "",
                "__attr_catid__": "cat_general_general"
            },
            {
                "type": "uc_textfield",
                "title": "Lightbox Font",
                "name": "lightbox_font",
                "description": "Set font for lightbox text overlay and lightbox grid layout text.  NOTE: ONLY ONE VIDEO ITEM ON THE PAGE NEEDS THIS SETTINGS.  IF APPLIED ACROSS MULTIPLE VIDEO ITEMS, THE LAST VIDEO ITEMS SETTINGS WILL TAKE PRECEDENT.",
                "enable_condition": false,
                "condition_attribute": "",
                "condition_operator": "equal",
                "condition_value": [],
                "condition_attribute2": "",
                "condition_operator2": "equal",
                "condition_value2": null,
                "label_block": false,
                "tabname": "",
                "default_value": "",
                "font_editable": false,
                "placeholder": "",
                "disable_dynamic": false,
                "__attr_catid__": "cat_style_6dv625lr"
            },
            {
                "type": "uc_textfield",
                "title": "Lightbox Grid Outline Color Hex Code Or CSS Varialbe",
                "name": "lightbox_playlist_outline_color",
                "description": "This will set the color for the lightbox playlist border outline. NOTE: ONLY ONE VIDEO ITEM ON THE PAGE NEEDS THIS SETTINGS.  IF APPLIED ACROSS MULTIPLE VIDEO ITEMS, THE LAST VIDEO ITEMS SETTINGS WILL TAKE PRECEDENT.",
                "enable_condition": false,
                "condition_attribute": "",
                "condition_operator": "equal",
                "condition_value": [],
                "condition_attribute2": "",
                "condition_operator2": "equal",
                "condition_value2": null,
                "label_block": false,
                "tabname": "",
                "default_value": "#ffffff",
                "font_editable": false,
                "placeholder": "",
                "disable_dynamic": false,
                "__attr_catid__": "cat_style_6dv625lr"
            },
            {
                "type": "uc_textfield",
                "title": "Set Lightbox Playlist Grid Image URL",
                "name": "set_lightbox_playlist_image",
                "description": "Set lightbox playlist grid image URL that is placed at top left of playlist outline border.  If not set, text with \"TV Episodes\" will be put in place.  NOTE: ONLY ONE VIDEO ITEM ON THE PAGE NEEDS THIS SETTINGS.  IF APPLIED ACROSS MULTIPLE VIDEO ITEMS, THE LAST VIDEO ITEMS SETTINGS WILL TAKE PRECEDENT.",
                "enable_condition": false,
                "condition_attribute": "",
                "condition_operator": "equal",
                "condition_value": [],
                "condition_attribute2": "",
                "condition_operator2": "equal",
                "condition_value2": null,
                "label_block": false,
                "tabname": "",
                "default_value": "",
                "font_editable": false,
                "placeholder": "",
                "disable_dynamic": false,
                "__attr_catid__": "cat_style_6dv625lr"
            },
            {
                "type": "uc_radioboolean",
                "title": "Show All Videos In Playlist",
                "name": "show_all_videos_in_playlist",
                "description": "Show all videos in the playlist in a grid layout.  NOTE:  THIS WILL OVERRIDE AND OTHER SEARCH\/FILTER METHODS AND STILL SHOW ALL PLAYLIST VIDEOS.",
                "enable_condition": false,
                "condition_attribute": "",
                "condition_operator": "equal",
                "condition_value": [],
                "condition_attribute2": "",
                "condition_operator2": "equal",
                "condition_value2": null,
                "label_block": false,
                "tabname": "",
                "default_value": "false",
                "true_name": "Yes",
                "true_value": "true",
                "false_name": "No",
                "false_value": "false",
                "is_responsive": false,
                "default_value_tablet": "",
                "default_value_mobile": "",
                "__attr_catid__": "cat_content_ej00mx0m"
            },
            {
                "type": "uc_dropdown",
                "title": "Filter Results By",
                "name": "filter_results_by",
                "description": "",
                "enable_condition": true,
                "condition_attribute": "show_all_videos_in_playlist",
                "condition_operator": "equal",
                "condition_value": [
                    ""
                ],
                "condition_attribute2": "",
                "condition_operator2": "equal",
                "condition_value2": null,
                "label_block": false,
                "tabname": "",
                "options": {
                    "Episode Range": "multiplegridepisoderange",
                    "Name Search": "multiplegridsearch",
                    "Most Recent Videos": ""
                },
                "default_value": "",
                "selector": "",
                "selector_value": "",
                "show_more_selectors": false,
                "selector2": "",
                "selector2_value": "",
                "selector3": "",
                "selector3_value": "",
                "is_responsive": false,
                "default_value_tablet": "",
                "default_value_mobile": "",
                "php_filter_name": "",
                "__attr_catid__": "cat_content_ej00mx0m"
            },
            {
                "type": "uc_number",
                "title": "Episode Starting Range",
                "name": "episode_starting_range",
                "description": "Starting Episode Number",
                "enable_condition": true,
                "condition_attribute": "filter_results_by",
                "condition_operator": "equal",
                "condition_value": [
                    "multiplegridepisoderange"
                ],
                "condition_attribute2": "",
                "condition_operator2": "equal",
                "condition_value2": null,
                "label_block": false,
                "tabname": "",
                "default_value": "",
                "unit": "other",
                "unit_custom": "",
                "min_value": "",
                "max_value": "",
                "step": "",
                "is_responsive": false,
                "default_value_tablet": "",
                "default_value_mobile": "",
                "selector": "",
                "selector_value": "",
                "show_more_selectors": false,
                "selector2": "",
                "selector2_value": "",
                "selector3": "",
                "selector3_value": "",
                "__attr_catid__": "cat_content_ej00mx0m"
            },
            {
                "type": "uc_number",
                "title": "Episode Ending Range",
                "name": "episode_ending_range",
                "description": "Starting Episode Number",
                "enable_condition": true,
                "condition_attribute": "filter_results_by",
                "condition_operator": "equal",
                "condition_value": [
                    "multiplegridepisoderange"
                ],
                "condition_attribute2": "",
                "condition_operator2": "equal",
                "condition_value2": null,
                "label_block": false,
                "tabname": "",
                "default_value": "",
                "unit": "other",
                "unit_custom": "",
                "min_value": "",
                "max_value": "",
                "step": "",
                "is_responsive": false,
                "default_value_tablet": "",
                "default_value_mobile": "",
                "selector": "",
                "selector_value": "",
                "show_more_selectors": false,
                "selector2": "",
                "selector2_value": "",
                "selector3": "",
                "selector3_value": "",
                "__attr_catid__": "cat_content_ej00mx0m"
            },
            {
                "type": "uc_textfield",
                "title": "Name Search",
                "name": "gird_name_search",
                "description": "Get videos in grid in which the video title matches name search parameter.",
                "enable_condition": true,
                "condition_attribute": "filter_results_by",
                "condition_operator": "equal",
                "condition_value": [
                    "multiplegridsearch"
                ],
                "condition_attribute2": "",
                "condition_operator2": "equal",
                "condition_value2": null,
                "label_block": false,
                "tabname": "",
                "default_value": "",
                "font_editable": false,
                "placeholder": "",
                "disable_dynamic": false,
                "__attr_catid__": "cat_content_ej00mx0m"
            },
            {
                "type": "uc_radioboolean",
                "title": "Limit Videos",
                "name": "limit_videos",
                "description": "Limit Number Of Videos Displayed",
                "enable_condition": true,
                "condition_attribute": "show_all_videos_in_playlist",
                "condition_operator": "equal",
                "condition_value": [
                    ""
                ],
                "condition_attribute2": "filter_results_by",
                "condition_operator2": "not_equal",
                "condition_value2": "multiplegridepisoderange",
                "label_block": false,
                "tabname": "",
                "default_value": "true",
                "true_name": "Yes",
                "true_value": "true",
                "false_name": "No",
                "false_value": "false",
                "is_responsive": false,
                "default_value_tablet": "",
                "default_value_mobile": "",
                "__attr_catid__": "cat_content_ej00mx0m"
            },
            {
                "type": "uc_number",
                "title": "Limit Number Of Videos In Grid To",
                "name": "limit_number_of_videos_in_grid_to",
                "description": "Number Of Video Items To Be Limited To.  Number of results could be less if other searches would show less otherwise.",
                "enable_condition": true,
                "condition_attribute": "show_all_videos_in_playlist",
                "condition_operator": "equal",
                "condition_value": [
                    ""
                ],
                "condition_attribute2": "limit_videos",
                "condition_operator2": "equal",
                "condition_value2": "true",
                "label_block": false,
                "tabname": "",
                "default_value": "",
                "unit": "other",
                "unit_custom": "",
                "min_value": "",
                "max_value": "",
                "step": "",
                "is_responsive": false,
                "default_value_tablet": "",
                "default_value_mobile": "",
                "selector": "",
                "selector_value": "",
                "show_more_selectors": false,
                "selector2": "",
                "selector2_value": "",
                "selector3": "",
                "selector3_value": "",
                "__attr_catid__": "cat_content_ej00mx0m"
            },
            {
                "type": "uc_textfield",
                "title": "Gap Between Rows And Columns In Video Grid",
                "name": "gap_between_rows_and_columns_in_video_grid",
                "description": "Sets the space between rows and columns in video grid.  Specify unit measurement along with number.  Example: \"48px\"",
                "enable_condition": false,
                "condition_attribute": "",
                "condition_operator": "equal",
                "condition_value": [],
                "condition_attribute2": "",
                "condition_operator2": "equal",
                "condition_value2": null,
                "label_block": false,
                "tabname": "",
                "default_value": "48px",
                "font_editable": false,
                "placeholder": "",
                "disable_dynamic": false,
                "__attr_catid__": "cat_style_fw6prfm4"
            },
            {
                "type": "uc_textfield",
                "title": "Minimum Size Of Video Thumbnail Items",
                "name": "minimum_size_of_video_thumbnail_items",
                "description": "Minimum size of video thumbnail items that they should shrink to before responsive stacking occurs.  Note:  When the browser window resolution becomes less than this number the video items will stack into one column.  Specify unit measurement along with number.  Example: \"400px\"",
                "enable_condition": false,
                "condition_attribute": "",
                "condition_operator": "equal",
                "condition_value": [],
                "condition_attribute2": "",
                "condition_operator2": "equal",
                "condition_value2": null,
                "label_block": false,
                "tabname": "",
                "default_value": "400px",
                "font_editable": false,
                "placeholder": "",
                "disable_dynamic": false,
                "__attr_catid__": "cat_style_fw6prfm4"
            }
        ],
        "params_items": [
            {
                "type": "uc_textfield",
                "title": "Title",
                "name": "title",
                "description": "",
                "default_value": "",
                "limited_edit": true
            }
        ],
        "includes": {
            "js": [],
            "jslib": [],
            "css": []
        },
        "variables_item": [],
        "variables_main": [],
        "params_cats": [
            {
                "id": "cat_general_general",
                "title": "General",
                "tab": "content"
            },
            {
                "enable_condition": true,
                "condition_attribute": "show_multiple_thumbnails_in_grid_layout",
                "condition_operator": "equal",
                "condition_value": [
                    ""
                ],
                "condition_attribute2": "",
                "condition_operator2": "equal",
                "condition_value2": null,
                "id": "cat_content_vlxw6jf9",
                "title": "Video Selection",
                "tab": "content"
            },
            {
                "enable_condition": true,
                "condition_attribute": "show_multiple_thumbnails_in_grid_layout",
                "condition_operator": "equal",
                "condition_value": [
                    "true"
                ],
                "condition_attribute2": "",
                "condition_operator2": "equal",
                "condition_value2": null,
                "id": "cat_content_ej00mx0m",
                "title": "Video Grid Layout",
                "tab": "content"
            },
            {
                "enable_condition": true,
                "condition_attribute": "show_play_button_icon_over_thumbnail",
                "condition_operator": "equal",
                "condition_value": [
                    "true"
                ],
                "condition_attribute2": "",
                "condition_operator2": "equal",
                "condition_value2": null,
                "id": "cat_style_4bjmjtmq",
                "title": "Play Button Icon",
                "tab": "style"
            },
            {
                "enable_condition": false,
                "condition_attribute": "",
                "condition_operator": "equal",
                "condition_value": [],
                "condition_attribute2": "",
                "condition_operator2": "equal",
                "condition_value2": null,
                "id": "cat_style_nvv576z9",
                "title": "Text Over Thumbnail",
                "tab": "style"
            },
            {
                "enable_condition": true,
                "condition_attribute": "show_lightbox_playlist_and_navigation_arrows",
                "condition_operator": "equal",
                "condition_value": [
                    "true"
                ],
                "condition_attribute2": "",
                "condition_operator2": "equal",
                "condition_value2": null,
                "id": "cat_style_6dv625lr",
                "title": "Lightbox Player And Playlist Grid",
                "tab": "style"
            },
            {
                "enable_condition": true,
                "condition_attribute": "show_multiple_thumbnails_in_grid_layout",
                "condition_operator": "equal",
                "condition_value": [
                    "true"
                ],
                "condition_attribute2": "",
                "condition_operator2": "equal",
                "condition_value2": null,
                "id": "cat_style_fw6prfm4",
                "title": "Video Grid Layout",
                "tab": "style"
            }
        ]
    },
    "templates": [
        "html"
    ]
}